Date,SANDP,FORD,GE,MICROSOFT,ORACLE,USTB3M,ret_sp500,ret_ford,ret_ge,ret_microsoft,ret_oracle,ustb3m,retexc_sp500,retexc_ford,retexc_ge,retexc_microsoft,retexc_oracle
2002-01-01T00:00:00Z,1130.199951,15.3,37.150002,31.855,17.26,1.68,NA,NA,NA,NA,NA,0.13999999999999999,NA,NA,NA,NA,NA
2002-02-01T00:00:00Z,1106.72998,14.88,38.5,29.17,16.620001,1.76,-2.0984861391263543,-2.7834798993443766,3.5694416294171027,-8.805357168882155,-3.7784836059509885,0.14666666666666667,-2.245152805793021,-2.930146566011043,3.4227749627504362,-8.952023835548822,-3.925150272617655
2002-03-01T00:00:00Z,1147.390015,16.49,37.400002,30.155001,12.8,1.83,3.60801073971615,10.273610716656156,-2.898748339731805,3.3209996185315838,-26.116167867020046,0.1525,3.45551073971615,10.121110716656156,-3.0512483397318046,3.168499618531584,-26.268667867020046
2002-04-01T00:00:00Z,1076.920044,16,31.549999,26.129999,10.04,1.75,-6.338465500030299,-3.016541433172648,-17.009720060491993,-14.326673880261298,-24.286805666198852,0.14583333333333334,-6.484298833363632,-3.1623747665059816,-17.155553393825326,-14.472507213594632,-24.432638999532184
2002-05-01T00:00:00Z,1067.140015,17.65,31.139999,25.455,7.92,1.76,-0.9122969098122269,9.814706113952454,-1.3080422998686725,-2.617185390803334,-23.71859084372483,0.14666666666666667,-1.0589635764788936,9.668039447285787,-1.4547089665353392,-2.7638520574700003,-23.865257510391498
2002-06-01T00:00:00Z,989.820007,16,29.049999,27.35,9.47,1.73,-7.521435026017542,-9.814706113952454,-6.947468541830215,7.180434151369086,17.873770137165224,0.14416666666666667,-7.665601692684209,-9.95887278061912,-7.091635208496882,7.036267484702419,17.729603470498557
2002-07-01T00:00:00Z,911.619995,13.47,32.200001,23.99,10.01,1.71,-8.229988439463387,-17.21237318175084,10.294803473175085,-13.107945201638715,5.54556861291422,0.1425,-8.372488439463387,-17.35487318175084,10.152303473175085,-13.250445201638716,5.40306861291422
2002-08-01T00:00:00Z,916.070007,11.77,30.15,24.540001,9.59,1.65,0.4869557516395062,-13.491106915008722,-6.5781560433068265,2.2667403180957724,-4.2863704431782335,0.13749999999999998,0.34945575163950626,-13.62860691500872,-6.715656043306827,2.129240318095772,-4.423870443178234
2002-09-01T00:00:00Z,815.280029,9.8,24.65,21.870001,7.86,1.66,-11.656114051860289,-18.317153559565913,-20.14080226844954,-11.51885996191484,-19.893428245423152,0.13833333333333334,-11.794447385193623,-18.455486892899245,-20.279135601782873,-11.657193295248174,-20.031761578756484
2002-10-01T00:00:00Z,885.76001,8.46,25.25,26.735001,10.19,1.61,8.291439674789558,-14.703321205839437,2.4049255232669875,20.085772539143363,25.9620240793518,0.13416666666666668,8.15727300812289,-14.837487872506104,2.2707588566003207,19.951605872476698,25.827857412685134
2002-11-01T00:00:00Z,936.309998,11.38,27.120001,28.84,12.15,1.25,5.550057125032826,29.650825508005283,7.144534422398152,7.578970661190221,17.59223225519242,0.10416666666666667,5.445890458366159,29.546658841338616,7.040367755731485,7.474803994523554,17.488065588525753
2002-12-01T00:00:00Z,879.820007,9.3,24.35,25.85,10.8,1.21,-6.222926703765808,-20.18430285389745,-10.77396504167516,-10.945271146231006,-11.778303565638337,0.10083333333333333,-6.323760037099141,-20.285136187230783,-10.874798375008494,-11.04610447956434,-11.879136898971671
2003-01-01T00:00:00Z,855.700012,9.11,23.139999,23.73,12.03,1.19,-2.77974876039897,-2.0641688887343523,-5.096917097828113,-8.557053050676622,10.785739585641352,0.09916666666666667,-2.8789154270656367,-2.163335555401019,-5.19608376449478,-8.656219717343289,10.686572918974685
2003-02-01T00:00:00Z,841.150024,8.32,24.049999,23.700001,11.96,1.19,-1.714982975008006,-9.071045643874953,3.8572276421410034,-0.12649801124946514,-0.5835781464101686,0.09916666666666667,-1.8141496416746725,-9.17021231054162,3.758060975474337,-0.22566467791613182,-0.6827448130768352
2003-03-01T00:00:00Z,848.179993,7.52,25.5,24.209999,10.85,1.15,0.8322837467498623,-10.10961168713691,5.854349719265262,2.1290639309543113,-9.740266853601742,0.09583333333333333,0.736450413416529,-10.205445020470243,5.758516385931928,2.033230597620978,-9.836100186935075
2003-04-01T00:00:00Z,916.919983,10.3,29.450001,25.57,11.88,1.15,7.792733974211075,31.457775727384174,14.401549188907214,5.465405965837489,9.069123394803036,0.09583333333333333,7.696900640877741,31.36194239405084,14.305715855573881,5.3695726325041555,8.973290061469703
2003-05-01T00:00:00Z,963.590027,10.5,28.700001,24.610001,13.01,1.09,4.9645712049834145,1.9231361927887658,-2.5796786444672204,-3.826688426624303,9.086197858991518,0.09083333333333334,4.873737871650081,1.8323028594554325,-2.6705119778005537,-3.917521759957636,8.995364525658184
2003-06-01T00:00:00Z,974.5,10.99,28.68,25.639999,12.01,0.94,1.1258597990636332,4.561051125205218,-0.06971418773606963,4.100068801405632,-7.997865643252178,0.07833333333333332,1.0475264657302998,4.482717791871885,-0.14804752106940294,4.021735468072299,-8.076198976585511
2003-07-01T00:00:00Z,990.309998,11.06,28.440001,26.41,11.99,0.92,1.6093504459203878,0.6349227678659197,-0.8403375634636223,2.958913325813217,-0.16666670524694283,0.07666666666666667,1.5326837792537211,0.5582561011992531,-0.917004230130289,2.8822466591465505,-0.2433333719136095
2003-08-01T00:00:00Z,1008.01001,11.56,29.57,26.52,12.83,0.97,1.7715355730742566,4.421586715004233,3.8963693767602336,0.415643900862106,6.7713209588122325,0.08083333333333333,1.6907022397409233,4.3407533816709,3.8155360434269,0.3348105675287727,6.690487625478899
2003-09-01T00:00:00Z,995.969971,10.77,29.809999,27.799999,11.25,0.96,-1.2016271605864937,-7.078637207593408,0.8083540279804069,4.7136819407705755,-13.141804997711581,0.08,-1.2816271605864937,-7.158637207593408,0.7283540279804069,4.633681940770575,-13.221804997711581
2003-10-01T00:00:00Z,1050.709961,12.13,29.01,26.139999,11.97,0.94,5.350426046453016,11.891723178766167,-2.720327601087691,-6.156931478483951,6.203539091945265,0.07833333333333332,5.272092713119683,11.813389845432834,-2.798660934421024,-6.235264811817284,6.125205758611932
2003-11-01T00:00:00Z,1058.199951,13.2,28.67,25.709999,12.02,0.95,0.710321616875742,8.45351066363662,-1.1789318238034419,-1.658668755810222,0.41684095371796737,0.07916666666666666,0.6311549502090754,8.374343996969953,-1.2580984904701085,-1.7378354224768886,0.3376742870513007
2003-12-01T00:00:00Z,1111.920044,16,30.98,27.370001,13.23,0.91,4.9518985182709585,19.237189264745602,7.749055509344416,6.256757720651462,9.591504901980263,0.07583333333333334,4.876065184937625,19.16135593141227,7.673222176011082,6.180924387318129,9.51567156864693
2004-01-01T00:00:00Z,1131.130005,14.54,33.630001,27.65,13.86,0.9,1.7128847112133805,-9.568525013440787,8.207672049881065,1.0178168379403107,4.652001563489305,0.075,1.6378847112133805,-9.643525013440787,8.132672049881066,0.9428168379403108,4.577001563489305
2004-02-01T00:00:00Z,1144.939941,13.75,32.52,26.530001,12.87,0.94,1.21350448776818,-5.586464799279289,-3.3563270807923207,-4.134952212551868,-7.410797215372211,0.07833333333333332,1.1351711544348466,-5.664798132612622,-3.434660414125654,-4.213285545885201,-7.489130548705544
2004-03-01T00:00:00Z,1126.209961,13.57,30.52,24.93,12,0.95,-1.6494203768324667,-1.31773502658028,-6.347307826335369,-6.220430830735868,-6.9992371820034815,0.07916666666666666,-1.7285870434991333,-1.3969016932469467,-6.426474493002035,-6.299597497402535,-7.078403848670148
2004-04-01T00:00:00Z,1107.300049,15.36,29.950001,26.129999,11.25,0.96,-1.693331461333969,12.390525387274831,-1.885284846581703,4.701214372686646,-6.453852113757108,0.08,-1.773331461333969,12.310525387274831,-1.965284846581703,4.621214372686646,-6.533852113757108
2004-05-01T00:00:00Z,1120.680054,14.85,31.120001,26.23,11.4,1.04,1.2011028138810609,-3.3766862470817394,3.8321373493427124,0.3819752616449623,1.324522675002049,0.08666666666666667,1.1144361472143942,-3.4633529137484063,3.7454706826760455,0.29530859497829565,1.2378560083353822
2004-06-01T00:00:00Z,1140.839966,15.65,32.400002,28.559999,11.93,1.29,1.7829111261681518,5.247105173745359,4.030775308281065,8.510330857859527,4.5442880709374744,0.1075,1.675411126168152,5.139605173745359,3.923275308281065,8.402830857859527,4.4367880709374745
2004-07-01T00:00:00Z,1101.719971,14.72,33.25,28.49,10.51,1.36,-3.489223473520653,-6.126380368543183,2.589628257518628,-0.24539539475609828,-12.67290512209649,0.11333333333333334,-3.602556806853986,-6.239713701876516,2.4762949241852947,-0.3587287280894316,-12.786238455429823
2004-08-01T00:00:00Z,1104.23999,14.11,32.790001,27.299999,9.97,1.5,0.2284737838190054,-4.232334743600763,-1.3931145748204088,-4.266648294894004,-5.274660091511274,0.125,0.1034737838190054,-4.357334743600763,-1.5181145748204088,-4.391648294894004,-5.399660091511274
2004-09-01T00:00:00Z,1114.579956,14.05,33.580002,27.65,11.28,1.68,0.9320306381454202,-0.42613700849676306,2.3807089854995134,1.2739062407467028,12.345066209616595,0.13999999999999999,0.7920306381454202,-0.5661370084967631,2.2407089854995133,1.1339062407467029,12.205066209616595
2004-10-01T00:00:00Z,1130.199951,13.03,34.119999,27.969999,12.66,1.79,1.3916951999808802,-7.53680046430012,1.595298210650009,1.1506743492931903,11.541617064611742,0.14916666666666667,1.2425285333142135,-7.6859671309667865,1.4461315439833424,1.0015076826265237,11.392450397945076
2004-11-01T00:00:00Z,1173.780029,14.18,35.360001,26.809999,12.74,2.11,3.7834770167195053,8.457812996722769,3.569757273483054,-4.235755651292328,0.6299233427986994,0.1758333333333333,3.607643683386172,8.281979663389436,3.3939239401497208,-4.411588984625661,0.45409000946536615
2004-12-01T00:00:00Z,1211.920044,14.64,36.5,26.719999,13.72,2.22,3.197658014831539,3.192498742918426,3.1730994538460955,-0.33626037050575874,7.410797215372211,0.18500000000000003,3.012658014831539,3.007498742918426,2.9880994538460954,-0.5212603705057588,7.225797215372212
2005-01-01T00:00:00Z,1181.27002,13.17,36.130001,26.280001,13.77,2.37,-2.561576734361193,-10.581599277797604,-1.0188687751067516,-1.6604079575135433,0.36376904428241374,0.1975,-2.7590767343611926,-10.779099277797604,-1.2163687751067516,-1.8579079575135433,0.16626904428241374
2005-02-01T00:00:00Z,1203.599976,12.65,35.200001,25.16,12.95,2.58,1.8726898003228243,-4.0284300581660215,-2.6077461824236536,-4.355279983591931,-6.139652459501699,0.215,1.6576898003228242,-4.243430058166021,-2.8227461824236535,-4.570279983591931,-6.354652459501699
2005-03-01T00:00:00Z,1180.589966,11.33,36.060001,24.17,12.48,2.8,-1.9302761113508815,-11.020314013361432,2.4138134493587593,-4.014323711684842,-3.696842520426502,0.2333333333333333,-2.163609444684215,-11.253647346694764,2.180480116025426,-4.247657045018175,-3.9301758537598355
2005-04-01T00:00:00Z,1156.849976,9.11,36.200001,25.299999,11.56,2.84,-2.031351129450254,-21.808136376804832,0.38749009493046493,4.5692161492390415,-7.657649969705016,0.23666666666666666,-2.268017796116921,-22.0448030434715,0.15082342826379827,4.332549482572375,-7.894316636371682
2005-05-01T00:00:00Z,1191.5,9.98,36.48,25.799999,12.8,2.9,2.9512244131097987,9.121037905150597,0.7705018750096215,1.9570096960098926,10.189430768134011,0.24166666666666667,2.709557746443132,8.87937123848393,0.5288352083429548,1.715343029343226,9.947764101467344
2005-06-01T00:00:00Z,1191.329956,10.24,34.650002,24.84,13.2,3.04,-0.01427244104101888,2.57185292879889,-5.146638185016217,-3.791919610260308,3.0771658666753687,0.25333333333333335,-0.26760577437435223,2.3185195954655566,-5.39997151834955,-4.045252943593641,2.8238325333420353
2005-07-01T00:00:00Z,1234.180054,10.74,34.5,25.610001,13.57,3.29,3.533653255198743,4.76734694693568,-0.43384593186539533,3.0527682193402406,2.7644644254452455,0.27416666666666667,3.2594865885320763,4.493180280269013,-0.708012598532062,2.7786015526735737,2.4902977587785786
2005-08-01T00:00:00Z,1220.329956,9.97,33.610001,27.379999,12.99,3.52,-1.1285547781927363,-7.439450510697165,-2.613565254725092,6.682984407861259,-4.368164316426926,0.29333333333333333,-1.4218881115260698,-7.732783844030498,-2.9068985880584255,6.389651074527926,-4.661497649760259
2005-09-01T00:00:00Z,1228.810059,9.86,33.669998,25.73,12.4,3.49,0.6924991496611632,-1.109441535920297,0.17835022828585068,-6.215515704364005,-4.648335807151716,0.29083333333333333,0.4016658163278299,-1.4002748692536302,-0.11248310504748266,-6.506349037697339,-4.939169140485049
2005-10-01T00:00:00Z,1207.01001,8.32,33.91,25.700001,12.68,3.79,-1.790003404276952,-16.98239137814266,0.7102782364625249,-0.11665954819735092,2.2329476398088577,0.31583333333333335,-2.1058367376102853,-17.298224711475992,0.3944449031291915,-0.43249288153068427,1.9171143064755243
2005-11-01T00:00:00Z,1249.47998,8.13,35.720001,27.68,12.6,3.97,3.4581213385393994,-2.3101331273398085,5.200082786627158,7.421909993778941,-0.6329135051647672,0.33083333333333337,3.127288005206066,-2.640966460673142,4.869249453293825,7.091076660445608,-0.9637468384981005
2005-12-01T00:00:00Z,1248.290039,7.72,35.049999,26.15,12.21,3.97,-0.0952802764842886,-5.174655952303464,-1.8935199053890628,-5.686094023853672,-3.144152583481885,0.33083333333333337,-0.426113609817622,-5.505489285636798,-2.2243532387223963,-6.016927357187005,-3.4749859168152186
2006-01-01T00:00:00Z,1280.079956,8.58,32.75,28.15,12.57,4.34,2.5147895614926696,10.561954946318641,-6.787262286866724,7.369816407476737,2.905773447954285,0.36166666666666664,2.153122894826003,10.200288279651975,-7.148928953533391,7.008149740810071,2.5441067812876184
2006-02-01T00:00:00Z,1280.660034,7.97,32.869999,26.870001,12.42,4.54,0.045305498581438286,-7.374942069774715,0.3657395171988931,-4.65368947420739,-1.2004946096823232,0.37833333333333335,-0.33302783475189507,-7.753275403108048,-0.012593816134440272,-5.032022807540723,-1.5788279430156567
2006-03-01T00:00:00Z,1302.880005,7.96,34.779999,27.209999,13.69,4.63,1.7201605982891444,-0.12554929458321595,5.64821229207304,1.2574056200334471,9.73575627950245,0.3858333333333333,1.334327264955811,-0.5113826279165492,5.262378958739707,0.8715722867001139,9.349922946169116
2006-04-01T00:00:00Z,1310.609985,6.95,34.59,24.15,14.59,4.72,0.5915463667849785,-13.568734027959085,-0.5477857224902571,-11.930013594537803,6.367072323433698,0.3933333333333333,0.1982130334516452,-13.962067361292418,-0.9411190558235905,-12.323346927871135,5.973738990100364
2006-05-01T00:00:00Z,1270.050049,7.16,34.259998,22.65,14.22,4.84,-3.143635788676935,2.9768321395853503,-0.9586188430221743,-6.412452816953884,-2.568693815959966,0.4033333333333333,-3.5469691220102684,2.573498806252017,-1.3619521763555076,-6.8157861502872175,-2.9720271492932993
2006-06-01T00:00:00Z,1270.060059,6.93,32.959999,23.299999,14.49,4.92,7.881548102162128e-4,-3.2650167770742478,-3.868375981739103,2.829346572415581,1.8809331957496234,0.41,-0.40921184518978376,-3.675016777074248,-4.278375981739103,2.4193465724155807,1.4709331957496234
2006-07-01T00:00:00Z,1278.530029,6.67,32.689999,24.059999,14.97,5.08,0.6646813250630323,-3.8239953274279648,-0.8225484555740792,3.2097351330573343,3.2589442098946098,0.42333333333333334,0.241347991729699,-4.247328660761298,-1.2458817889074125,2.786401799724001,2.8356108765612764
2006-08-01T00:00:00Z,1303.800049,8.37,34.060001,25.700001,15.66,5.09,1.957211193660413,22.70340245738518,4.105451444877062,6.594036182790708,4.506149213111987,0.42416666666666664,1.5330445269937465,22.279235790718513,3.681284778210395,6.1698695161240416,4.081982546445321
2006-09-01T00:00:00Z,1335.819946,8.09,35.299999,27.35,17.74,4.93,2.4262179983195686,-3.402515343098367,3.575923101614409,6.222549805631106,12.47122863187764,0.41083333333333333,2.0153846649862355,-3.8133486764317,3.1650897682810757,5.811716472297772,12.060395298544307
2006-10-01T00:00:00Z,1377.76001,8.28,35.110001,28.709999,18.469999,5.05,3.0913704149927668,2.321423732676786,-0.5396916948384511,4.8528930433912265,4.032576318786241,0.42083333333333334,2.6705370816594334,1.9005903993434528,-0.9605250281717845,4.432059710057893,3.6117429854529073
2006-11-01T00:00:00Z,1400.630005,8.13,35.279999,29.360001,19.049999,5.07,1.646313974752367,-1.8282044837448996,0.48301841316646943,2.2387778504357136,3.0919309009974416,0.42250000000000004,1.2238139747523669,-2.2507044837448995,0.06051841316646939,1.8162778504357135,2.6694309009974417
2006-12-01T00:00:00Z,1418.030029,7.51,37.209999,29.860001,17.139999,4.97,1.2346465924179206,-7.932545778367572,5.3261312690116025,1.6886587794402441,-10.565219425269534,0.4141666666666666,0.8204799257512541,-8.346712445034239,4.911964602344936,1.2744921127735775,-10.9793860919362
2007-01-01T00:00:00Z,1437.900024,8.13,36.049999,30.860001,17.16,5.11,1.3915127646987102,7.932545778367572,-3.167067949232827,3.294105373875933,0.11662392332416616,0.42583333333333334,0.9656794313653769,7.506712445034239,-3.59290128256616,2.8682720405425997,-0.3092094100091672
2007-02-01T00:00:00Z,1406.800049,7.91,34.91,28.17,16.43,5.16,-2.1866076094054776,-2.7433141780156767,-3.2133514874761904,-9.12032974511403,-4.347216201063953,0.43,-2.6166076094054778,-3.173314178015677,-3.6433514874761905,-9.55032974511403,-4.777216201063952
2007-03-01T00:00:00Z,1420.829956,7.89,35.360001,27.870001,18.129999,5.08,0.9923520481391002,-0.253164692177954,1.2807944933040272,-1.0706704513549603,9.845903756038332,0.42333333333333334,0.5690187148057668,-0.6764980255112873,0.8574611599706938,-1.4940037846882936,9.422570422704998
2007-04-01T00:00:00Z,1482.369995,8.04,36.860001,29.940001,18.799999,5.01,4.240097802857434,1.8832948333091792,4.154571332137147,7.164453501688373,3.6288847034852356,0.4175,3.8225978028574343,1.4657948333091793,3.737071332137147,6.746953501688372,3.2113847034852356
2007-05-01T00:00:00Z,1530.619995,8.34,37.580002,30.690001,19.379999,4.87,3.2030723854387766,3.6634133179780815,1.9345067833759,2.4741488823932567,3.038473821861931,0.4058333333333333,2.7972390521054433,3.257579984644748,1.5286734500425667,2.0683155490599234,2.632640488528598
2007-06-01T00:00:00Z,1504.660034,9.42,38.279999,29.469999,19.709999,4.74,-1.71058971591469,12.17718722176162,1.8455493256335664,-4.056413839875805,1.6884515565928293,0.395,-2.10558971591469,11.782187221761621,1.4505493256335664,-4.451413839875805,1.2934515565928293
2007-07-01T00:00:00Z,1455.180054,8.51,38.759998,28.99,19.120001,4.96,-3.34373402328616,-10.159314600298908,1.2461194961525646,-1.6421819883225552,-3.03911105044512,0.41333333333333333,-3.757067356619493,-10.572647933632242,0.8327861628192312,-2.0555153216558883,-3.4524443837784533
2007-08-01T00:00:00Z,1473.959961,7.81,38.869999,28.73,20.280001,4.32,1.2822988476675512,-8.58369787336879,0.2833983714372934,-0.9009069942365944,5.890026810813698,0.36000000000000004,0.9222988476675511,-8.943697873368789,-0.07660162856270664,-1.2609069942365945,5.530026810813697
2007-09-01T00:00:00Z,1527.290039,8.49,41.400002,29.459999,21.65,3.99,3.5542318708593257,8.348403647166114,6.305821000309653,2.5091504098953887,6.537022641585288,0.3325,3.2217318708593257,8.015903647166114,5.973321000309653,2.1766504098953887,6.204522641585289
2007-10-01T00:00:00Z,1545.790039,8.87,41.16,36.810001,22.17,4,1.2040183151209582,4.378579599823196,-0.5814018174597368,22.27361974673081,2.3734569179721277,0.3333333333333333,0.870684981787625,4.045246266489863,-0.9147351507930701,21.940286413397477,2.040123584638794
2007-11-01T00:00:00Z,1479.630005,7.51,38.290001,33.599998,20.18,3.35,-4.374307185729709,-16.643933054544434,-7.227811936016648,-9.124356711211323,-9.404800870275709,0.2791666666666667,-4.653473852396376,-16.9230997212111,-7.506978602683315,-9.40352337787799,-9.683967536942376
2007-12-01T00:00:00Z,1467.969971,6.73,37.07,35.599998,22.58,3.07,-0.7911585639005736,-10.966032211940702,-3.238077444304155,5.781957423286066,11.237254379605277,0.2558333333333333,-1.046991897233907,-11.221865545274035,-3.4939107776374883,5.526124089952733,10.981421046271944
2008-01-01T00:00:00Z,1378.599976,6.64,35.360001,32.599998,20.549999,2.82,-6.281200020058275,-1.3463180168294064,-4.722675111265584,-8.803335465524098,-9.42036664410737,0.235,-6.5162000200582755,-1.5813180168294063,-4.957675111265584,-9.0383354655240975,-9.6553666441073691
2008-02-01T00:00:00Z,1330.449951,6.53,33.139999,27.200001,18.799999,2.17,-3.5551280017823927,-1.6705020200002751,-6.484028422658383,-18.10952169563098,-8.900407563602952,0.18083333333333332,-3.735961335115726,-1.8513353533336085,-6.6648617559917165,-18.290355028964314,-9.081240896936286
2008-03-01T00:00:00Z,1326.410034,5.72,37.009998,28.379999,19.559999,1.28,-0.3041123835191506,-13.243813789663328,11.044711053521317,4.246762642915725,3.9629796837513,0.10666666666666667,-0.4107790501858173,-13.350480456329995,10.93804438685465,4.140095976249058,3.8563130170846334
2008-04-01T00:00:00Z,1385.969971,8.26,32.700001,28.52,20.85,1.31,4.392416438040225,36.745578214118034,-12.381298387436734,0.4920959050281226,6.386733476288509,0.10916666666666668,4.2832497713735584,36.63641154745137,-12.490465054103401,0.3829292383614559,6.277566809621842
2008-05-01T00:00:00Z,1399.619995,6.8,30.719999,28.32,22.84,1.76,0.9800533046148807,-19.45019753508257,-6.246123275685944,-0.7037326720576331,9.115943654299885,0.14666666666666667,0.833386637948214,-19.596864201749238,-6.392789942352611,-0.8503993387242998,8.969276987633219
2008-06-01T00:00:00Z,1276.689941,4.81,26.690001,27.51,21,1.89,-9.193002272741069,-34.62255280643913,-14.062487484373953,-2.9018693889035774,-8.399094706438648,0.1575,-9.35050227274107,-34.78005280643913,-14.219987484373954,-3.0593693889035776,-8.5565947064386485
2008-07-01T00:00:00Z,1269.420044,4.8,28.290001,25.719999,21.530001,1.66,-0.5710607003931223,-0.20811662038244805,5.821941977800682,-6.728071444731398,2.4924920099665737,0.13833333333333334,-0.7093940337264556,-0.34644995371578136,5.683608644467348,-6.866404778064732,2.3541586766332405
2008-08-01T00:00:00Z,1287.829956,4.46,28.1,27.290001,21.93,1.75,1.4398459324752366,-7.346715188187258,-0.6738844321954929,5.925151087453617,1.8408204606708,0.14583333333333334,1.2940125991419034,-7.492548521520591,-0.8197177655288262,5.779317754120284,1.6949871273374668
2008-09-01T00:00:00Z,1164.170044,5.2,25.5,26.690001,20.309999,1.15,-10.095017267700346,15.350985955540896,-9.709112417531962,-2.223137048005741,-7.6742236074333725,0.09583333333333333,-10.190850601033679,15.255152622207563,-9.804945750865295,-2.3189703813390743,-7.770056940766706
2008-10-01T00:00:00Z,968.669983,2.19,19.51,22.33,18.290001,0.69,-18.3839724469939,-86.47570817589722,-26.77512975293603,-17.835793503158158,-10.475880927800452,0.057499999999999996,-18.441472446993902,-86.53320817589723,-26.832629752936032,-17.89329350315816,-10.53338092780045
2008-11-01T00:00:00Z,888.609985,2.69,17.17,20.219999,16.09,0.19,-8.626555184696105,20.563964978533832,-12.776347972563595,-9.925890171572638,-12.815655607316678,0.015833333333333335,-8.642388518029438,20.5481316452005,-12.792181305896928,-9.941723504905971,-12.831488940650011
2008-12-01T00:00:00Z,902.98999,2.29,16.200001,19.440001,17.73,0.03,1.6053040868596824,-16.098937604759943,-5.815237094265235,-3.9339313663719455,9.706015908182497,0.0025,1.6028040868596825,-16.101437604759944,-5.817737094265236,-3.9364313663719455,9.703515908182498
2009-01-01T00:00:00Z,823.090027,1.87,12.13,17.1,16.83,0.13,-9.26458845682907,-20.26133866996529,-28.932958101077276,-12.825438696400626,-5.20951118834021,0.010833333333333334,-9.275421790162405,-20.272172003298625,-28.94379143441061,-12.83627202973396,-5.220344521673543
2009-02-01T00:00:00Z,729.570007,2,8.51,16.15,15.54,0.3,-12.061025442755824,6.720874969344992,-35.44397803706762,-5.71584138399488,-7.97456632632132,0.024999999999999998,-12.086025442755824,6.695874969344992,-35.46897803706762,-5.74084138399488,-7.99956632632132
2009-03-01T00:00:00Z,793.590027,2.63,10.11,18.370001,18.07,0.22,8.411166001905013,27.383666562972785,17.22830904470971,12.879890399494842,15.083575966463592,0.018333333333333333,8.39283266857168,27.36533322963945,17.209975711376376,12.86155706616151,15.065242633130259
2009-04-01T00:00:00Z,872.73999,5.98,12.65,20.26,19.34,0.16,9.507068731896151,82.14367217728673,22.41321821411497,9.792954515692331,6.792238542101092,0.013333333333333334,9.493735398562817,82.1303388439534,22.399884880781638,9.779621182358998,6.778905208767759
2009-05-01T00:00:00Z,923.26001,5.75,13.48,20.889999,19.59,0.18,5.627321938127583,-3.922071315328135,6.354989031063152,3.0622028878141805,1.2843741931301,0.015,5.612321938127583,-3.937071315328135,6.339989031063152,3.0472028878141804,1.2693741931301001
2009-06-01T00:00:00Z,920.820007,6.07,11.72,23.77,21.42,0.18,-0.26463107906851135,5.415875026214789,-13.991032133529435,12.91537536734233,8.930583306315354,0.015,-0.27963107906851137,5.4008750262147895,-14.006032133529436,12.90037536734233,8.915583306315353
2009-07-01T00:00:00Z,990.219971,8,13.4,23.52,22.129999,0.18,7.26625263597569,27.608293660842875,13.3957922807999,-1.0573158341676159,3.2609043855826414,0.015,7.25125263597569,27.593293660842875,13.3807922807999,-1.0723158341676158,3.2459043855826413
2009-08-01T00:00:00Z,1019.52002,7.6,13.9,24.65,21.879999,0.17,2.9160115521968066,-5.129329438755059,3.663413317978037,4.6925777458272755,-1.1361177025488889,0.014166666666666668,2.90184488553014,-5.143496105421726,3.6492466513113704,4.678411079160608,-1.1502843692155555
2009-09-01T00:00:00Z,1054.910034,7.21,16.42,25.719999,20.84,0.12,3.412353954588898,-5.267929599542742,16.661126388763627,4.249196000047029,-4.869871496477396,0.01,3.4023539545888983,-5.277929599542742,16.651126388763625,4.239196000047029,-4.879871496477396
2009-10-01T00:00:00Z,1036.180054,7,14.26,27.73,21.1,0.07,-1.7914561428868048,-2.95588022415445,-14.10416890381323,7.524599913851748,1.2398823596854402,0.005833333333333334,-1.7972894762201381,-2.9617135574877835,-14.110002237146563,7.518766580518415,1.234049026352107
2009-11-01T00:00:00Z,1098.890015,8.89,16.02,29.41,22.08,0.05,5.875966703678603,23.901690047050007,11.637952665406326,5.881989293821688,4.539918092687367,0.004166666666666667,5.871800037011937,23.89752338038334,11.63378599873966,5.877822627155021,4.535751426020701
2009-12-01T00:00:00Z,1116.560059,10,15.13,30.48,24.530001,0.05,1.5951989988745474,11.765804346823261,-5.71584138399488,3.5735978252541933,10.522467762791132,0.004166666666666667,1.5910323322078808,11.761637680156594,-5.720008050661546,3.5694311585875265,10.518301096124466
2010-01-01T00:00:00Z,1073.890015,10.84,16.08,28.18,23.059999,0.06,-3.896499910652018,8.065790301745412,6.089673595055567,-7.845822434791128,-6.179742756102824,0.005,-3.901499910652018,8.060790301745412,6.084673595055567,-7.8508224347911275,-6.184742756102824
2010-02-01T00:00:00Z,1105.359985,11.74,16.059999,28.67,24.65,0.11,2.88834762434389,7.975881838845034,-0.1244617498707079,1.7238773424744114,6.667742901292151,0.009166666666666667,2.879180957677223,7.966715172178367,-0.13362841653737456,1.7147106758077446,6.658576234625484
2010-03-01T00:00:00Z,1171.22998,12.57,18.200001,29.290001,25.709999,0.15,5.788340137885317,6.831120820220571,12.509000277569005,2.1394915085708455,4.210308189372691,0.012499999999999999,5.775840137885317,6.818620820220571,12.496500277569005,2.1269915085708453,4.197808189372691
2010-04-01T00:00:00Z,1188.579956,13.02,18.860001,30.540001,25.870001,0.16,1.4704818696406718,3.5173614178267254,3.562168119977649,4.179113755344144,0.6204052470323518,0.013333333333333334,1.4571485363073384,3.504028084493392,3.5488347866443157,4.16578042201081,0.6070719136990185
2010-05-01T00:00:00Z,1087.300049,11.73,16.35,25.799999,22.57,0.16,-8.906167618397287,-10.433697411503928,-14.281543288431697,-16.866287936654743,-13.64624440233051,0.013333333333333334,-8.91950095173062,-10.447030744837262,-14.294876621765031,-16.879621269988075,-13.659577735663843
2010-06-01T00:00:00Z,1031.099976,10.08,14.42,23.01,21.459999,0.12,-5.307143382167734,-15.159640002216168,-12.56117654864597,-11.444554912060623,-5.043090022521568,0.01,-5.317143382167734,-15.169640002216168,-12.571176548645969,-11.454554912060622,-5.053090022521568
2010-07-01T00:00:00Z,1107.530029,12.77,16.120001,25.809999,23.639999,0.16,7.150616652514152,23.654540740122563,11.144466725641688,11.483307093857453,9.67494596324836,0.013333333333333334,7.137283319180819,23.64120740678923,11.131133392308355,11.46997376052412,9.661612629915027
2010-08-01T00:00:00Z,1049.719971,11.29,14.48,23.469999,21.84,0.16,-5.3608902476316445,-12.318129188287763,-10.729241215564933,-9.503900773050189,-7.9196999360008125,0.013333333333333334,-5.374223580964978,-12.331462521621097,-10.742574548898267,-9.517234106383523,-7.933033269334146
2010-09-01T00:00:00Z,1143.48999,12.24,16.25,24.49,26.85,0.15,8.556154630193813,8.079189892260974,11.532452181817598,4.254190370872912,20.65226700781695,0.012499999999999999,8.543654630193814,8.066689892260975,11.5199521818176,4.241690370872912,20.63976700781695
2010-10-01T00:00:00Z,1185.709961,14.13,16.02,26.67,29.379999,0.13,3.625673777477889,14.359091961225623,-1.4254967135533203,8.527446722984644,9.004831575409744,0.010833333333333334,3.614840444144556,14.348258627892289,-1.4363300468866536,8.51661338965131,8.99399824207641
2010-11-01T00:00:00Z,1186.599976,15.94,15.83,25.26,27.049999,0.14,0.07503362253604706,12.053147666563246,-1.1931067747292357,-5.431722127157768,-8.26271683850579,0.011666666666666667,0.06336695586938039,12.04148099989658,-1.2047734413959024,-5.443388793824434,-8.274383505172457
2010-12-01T00:00:00Z,1257.619995,16.790001,18.290001,27.91,31.299999,0.14,5.812898728192284,5.19518572866402,14.444764318453762,9.976293062588582,14.59310972733121,0.011666666666666667,5.801232061525617,5.1835190619973535,14.433097651787095,9.964626395921915,14.581443060664544
2011-01-01T00:00:00Z,1289.140015,15.95,20.139999,27.73,32.029999,0.15,2.4754299123068257,-5.13247014178555,9.63533205605236,-0.6470187920544213,2.3054866803110308,0.012499999999999999,2.4629299123068256,-5.14497014178555,9.62283205605236,-0.6595187920544212,2.2929866803110306
2011-02-01T00:00:00Z,1328.640015,15.05,20.92,26.58,32.900002,0.13,3.018053294342149,-5.808083803596853,3.7997801558740107,-4.235580634258751,2.679978616126233,0.010833333333333334,3.0072199610088157,-5.818917136930186,3.7889468225406775,-4.246413967592084,2.6691452827928996
2011-03-01T00:00:00Z,1329.47998,14.91,20.049999,25.389999,33.43,0.1,0.06319993300065718,-0.9345862418237871,-4.247653531945694,-4.580369695409781,1.5980981870409305,0.008333333333333333,0.05486659966732385,-0.9429195751571204,-4.255986865279028,-4.588703028743114,1.5897648537075972
2011-04-01T00:00:00Z,1365.209961,15.47,20.450001,25.92,35.959999,0.06,2.6520361095660583,3.6870535808327887,1.9753827511299615,2.0659515153072405,7.2953481362735495,0.005,2.6470361095660584,3.6820535808327888,1.9703827511299616,2.0609515153072406,7.29034813627355
2011-05-01T00:00:00Z,1345.199951,14.92,19.639999,25.01,34.220001,0.04,-1.4765569932462697,-3.620006980936008,-4.041467937874321,-3.5739126594545922,-4.959688410801899,0.0033333333333333335,-1.479890326579603,-3.6233403142693414,-4.044801271207654,-3.5772459927879257,-4.963021744135232
2011-06-01T00:00:00Z,1320.640015,13.79,18.860001,26,32.91,0.04,-1.842618551795816,-7.875890297040433,-4.05249217822421,3.882079313195419,-3.903373473147509,0.0033333333333333335,-1.8459518851291494,-7.879223630373766,-4.055825511557543,3.8787459798620856,-3.9067068064808423
2011-07-01T00:00:00Z,1292.589966,12.21,17.91,27.4,30.58,0.04,-2.146854777260465,-12.168840368259737,-5.16841141549591,5.244647537254243,-7.343036245433243,0.0033333333333333335,-2.1501881105937986,-12.17217370159307,-5.171744748829243,5.24131420392091,-7.346369578766576
2011-08-01T00:00:00Z,1219.119995,11.12,16.309999,26.6,28.07,0.02,-5.85186482694553,-9.35099993001769,-9.358086075177807,-2.9631797606370913,-8.564481012712521,0.0016666666666666668,-5.853531493612197,-9.352666596684356,-9.359752741844474,-2.964846427303758,-8.566147679379188
2011-09-01T00:00:00Z,1131.209961,9.67,15.22,24.889999,28.74,0.01,-7.484146108367806,-13.971697935723348,-6.916800288730274,-6.644513958493148,2.358849027708798,8.333333333333334e-4,-7.48497944170114,-13.972531269056681,-6.917633622063607,-6.645347291826481,2.3580156943754647
2011-10-01T00:00:00Z,1251,11.68,16.709999,26.629999,32.77,0.02,10.065540967030362,18.884966793487834,9.339693032935648,6.757228607148447,13.122358205984419,0.0016666666666666668,10.063874300363695,18.88330012682117,9.33802636626898,6.75556194048178,13.120691539317752
2011-11-01T00:00:00Z,1246.910034,10.6,15.91,25.58,31.35,0.01,-0.3274713339799895,-9.702397628205972,-4.905944041320076,-4.022756612351008,-4.429919563179352,8.333333333333334e-4,-0.32830466731332286,-9.703230961539305,-4.90677737465341,-4.023589945684342,-4.4307528965126854
2011-12-01T00:00:00Z,1258.859985,10.76,17.91,25.959999,25.65,0.01,0.9538019454010005,1.4981553615617038,11.84113737229251,1.4746057164390702,-20.06706954621511,8.333333333333334e-4,0.9529686120676671,1.4973220282283706,11.840304038959177,1.473772383105737,-20.06790287954844
2012-01-01T00:00:00Z,1312.449951,12.42,18.709999,29.530001,28.209999,0.03,4.168904458616396,14.347252177169434,4.369887076602197,12.884987630461087,9.513291794870327,0.0025,4.1664044586163955,14.344752177169434,4.3673870766021965,12.882487630461087,9.510791794870327
2012-02-01T00:00:00Z,1365.900024,12.38,19.049999,31.74,29.25,0.09,3.991798741239272,-0.3225809248882605,1.8008962240627646,7.217098547856482,3.620308411238371,0.0075,3.984298741239272,-0.3300809248882605,1.7933962240627646,7.209598547856482,3.612808411238371
2012-03-01T00:00:00Z,1408.469971,12.48,20.07,32.259998,29.16,0.08,3.069041866567268,0.8045095684831249,5.2159113728976525,1.6250295602517895,-0.30816665374082675,0.006666666666666667,3.0623751999006013,0.7978429018164582,5.209244706230986,1.6183628935851229,-0.3148333204074934
2012-04-01T00:00:00Z,1397.859985,11.28,19.58,32.02,29.4,0.08,-0.7561503258451729,-10.109611687136866,-2.471752570588226,-0.7467303132212333,0.8196767204178723,0.006666666666666667,-0.7628169925118397,-10.116278353803532,-2.4784192372548928,-0.7533969798879,0.8130100537512056
2012-05-01T00:00:00Z,1309.869995,10.56,19.09,29.190001,26.469999,0.09,-6.501459317437774,-6.595796779179741,-2.5343999364708214,-9.253448844423806,-10.498269588424414,0.0075,-6.508959317437775,-6.6032967791797414,-2.5418999364708212,-9.260948844423806,-10.505769588424414
2012-06-01T00:00:00Z,1362.329956,9.59,20.84,30.59,29.700001,0.09,3.926854500056365,-9.635238938276869,8.77095791475102,4.684693903848158,11.513510101829505,0.0075,3.919354500056365,-9.64273893827687,8.76345791475102,4.677193903848158,11.506010101829505
2012-07-01T00:00:00Z,1379.319946,9.24,20.75,29.469999,30.200001,0.1,1.239414812228734,-3.717900324175405,-0.43279702084588756,-3.7300395346022253,1.669487801471936,0.008333333333333333,1.2310814788954008,-3.7262336575087383,-0.4411303541792209,-3.7383728679355586,1.6611544681386028
2012-08-01T00:00:00Z,1406.540039,9.34,20.709999,30.82,31.65,0.1,1.9542230706315777,1.0764366587158403,-0.19296195550682071,4.47910670751801,4.689619109677912,0.008333333333333333,1.9458897372982444,1.068103325382507,-0.20129528884015405,4.4707733741846765,4.681285776344578
2012-09-01T00:00:00Z,1440.900024,9.86,22.709999,29.76,31.459999,0.11,2.4135119353456247,5.4179916373792825,9.218868496236121,-3.4998619927078867,-0.6021282746449419,0.009166666666666667,2.404345268678958,5.408824970712616,9.209701829569454,-3.5090286593745534,-0.6112949413116086
2012-10-01T00:00:00Z,1412.199951,11.16,21.059999,28.540001,31.08,0.1,-2.011919761053349,12.384978833862093,-7.542985286155313,-4.185856287765866,-1.2152340344289136,0.008333333333333333,-2.0202530943866823,12.37664550052876,-7.551318619488646,-4.194189621099199,-1.223567367762247
2012-11-01T00:00:00Z,1416.339966,11.45,21.129999,26.620001,32.18,0.09,0.2927318035357729,2.5653773047083828,0.33183250794404096,-6.964379655452735,3.4780616064790326,0.0075,0.2852318035357729,2.557877304708383,0.32433250794404095,-6.971879655452735,3.470561606479033
2012-12-01T00:00:00Z,1426.189941,12.95,20.99,26.709999,33.32,0.07,0.6930456141368779,12.310605814529785,-0.6647650469346011,0.33751391500023153,3.481267573440494,0.005833333333333334,0.6872122808035446,12.304772481196451,-0.6705983802679345,0.3316805816668982,3.4754342401071607
2013-01-01T00:00:00Z,1498.109985,12.95,22.280001,27.450001,35.509998,0.07,4.919779204892549,0,5.964332610984391,2.73282147027043,6.365647333419,0.005833333333333334,4.913945871559216,-0.005833333333333334,5.9584992776510575,2.7269881369370967,6.359814000085667
2013-02-01T00:00:00Z,1514.680054,12.61,23.219999,27.799999,34.240002,0.1,1.0999927551865518,-2.6605638168718304,4.132447326103694,1.2669780339956027,-3.641968094807746,0.008333333333333333,1.0916594218532185,-2.6688971502051637,4.1241139927703605,1.2586447006622694,-3.6503014281410793
2013-03-01T00:00:00Z,1569.180054,13.15,23.120001,28.610001,32.330002,0.09,3.534899315697615,4.193160864694523,-0.4315846146651925,2.8720357289464538,-5.739895608536738,0.0075,3.527399315697615,4.185660864694523,-0.4390846146651925,2.864535728946454,-5.747395608536738
2013-04-01T00:00:00Z,1597.550049,13.71,22.290001,33.099998,32.779999,0.06,1.7918012019288554,4.170373495044988,-3.6559894795826775,14.57768799452226,1.38228892098895,0.005,1.7868012019288555,4.165373495044988,-3.6609894795826774,14.572687994522258,1.37728892098895
2013-05-01T00:00:00Z,1631.709961,15.68,23.32,34.900002,33.779999,0.04,2.115728441610276,13.426052134803834,4.517316922134773,5.2953664554915125,3.005033896706122,0.0033333333333333335,2.1123951082769428,13.4227188014705,4.51398358880144,5.29203312215818,3.0017005633727885
2013-06-01T00:00:00Z,1609.780029,15.47,23.190001,34.540001,30.709999,0.05,-1.3530979060746517,-1.3483350337286648,-0.5590167092817122,-1.0368784844497991,-9.52805798862908,0.004166666666666667,-1.3572645727413184,-1.3525017003953315,-0.5631833759483789,-1.0410451511164658,-9.532224655295746
2013-07-01T00:00:00Z,1689.420044,16.879999,24.370001,31.84,32.349998,0.04,4.828775909656535,8.722676534112805,4.963171428169755,-8.139474069428987,5.202565723305819,0.0033333333333333335,4.825442576323202,8.719343200779472,4.959838094836422,-8.14280740276232,5.199232389972486
2013-08-01T00:00:00Z,1635.949951,16.190001,23.139999,33.400002,31.860001,0.04,-3.216165539386484,-4.173560047003866,-5.1790230120854375,4.783259888671054,-1.5262623253883945,0.0033333333333333335,-3.2194988727198175,-4.176893380337199,-5.18235634541877,4.779926555337721,-1.5295956587217279
2013-09-01T00:00:00Z,1682.410034,16.870001,23.889999,33.279999,33.169998,0.02,2.8003664073160905,4.114312637863327,3.1897240928881576,-0.3599373957962282,4.029445679429022,0.0016666666666666668,2.798699740649424,4.11264597119666,3.188057426221491,-0.36160406246289484,4.027779012762355
2013-10-01T00:00:00Z,1758.699951,17.110001,26.139999,35.41,33.5,0.05,4.434756241121907,1.4126190514756498,9.000675046132889,6.2037680218881786,0.9899646167509157,0.004166666666666667,4.43058957445524,1.4084523848089832,8.996508379466222,6.199601355221512,0.9857979500842491
2013-11-01T00:00:00Z,1806.550049,17.08,26.66,38.130001,35.290001,0.07,2.684410427742101,-0.1754957989030359,1.9697644810034554,7.400713397172876,5.205422719279662,0.005833333333333334,2.6785770944087677,-0.18132913223636923,1.963931147670122,7.394880063839542,5.199589385946329
2013-12-01T00:00:00Z,1845.859985,15.43,28.030001,37.41,38.259998,0.07,2.152630924897636,-10.159452198535446,5.011108610219495,-1.9063351735486123,8.080524571437264,0.005833333333333334,2.1467975915643027,-10.16528553186878,5.005275276886161,-1.9121685068819456,8.07469123810393
2014-01-01T00:00:00Z,1782.680054,14.96,25.129999,37.84,36.900002,0.04,-3.4827405158440072,-3.093369382873812,-10.921308909033378,1.1428695823622714,-3.619330649116792,0.0033333333333333335,-3.4860738491773406,-3.096702716207145,-10.924642242366712,1.139536249028938,-3.6226639824501254
2014-02-01T00:00:00Z,1857.680054,15.39,25.469999,38.310001,39.110001,0.05,4.121054615816355,2.833797530445681,1.3438937967064302,1.23442406317249,5.816660908930826,0.004166666666666667,4.116887949149689,2.829630863779014,1.3397271300397635,1.2302573965058234,5.81249424226416
2014-03-01T00:00:00Z,1873.959961,15.6,25.889999,40.990002,40.91,0.05,0.8725391634889057,1.355296640470316,1.6355505409005655,6.7617198493231,4.49963176049768,0.004166666666666667,0.868372496822239,1.3511299738036493,1.6313838742338989,6.757553182656434,4.4954650938310134
2014-04-01T00:00:00Z,1884.390015,16.15,26.889999,40.400002,40.880001,0.03,0.5550351001168963,3.464913541317438,3.789767795373278,-1.4498348836579744,-0.073356158401916,0.0025,0.5525351001168963,3.462413541317438,3.787267795373278,-1.4523348836579744,-0.07585615840191601
2014-05-01T00:00:00Z,1923.869995,16.440001,26.790001,40.939999,42.02,0.03,2.0734610733356362,1.7797400786617068,-0.37257122083489413,1.3277721335100523,2.750472505956658,0.0025,2.0709610733356363,1.7772400786617069,-0.37507122083489414,1.3252721335100524,2.747972505956658
2014-06-01T00:00:00Z,1962.290039,17.24,26.280001,41.700001,40.529999,0.04,1.9773398659919117,4.75148147802642,-1.9220489215718395,1.8393596978416582,-3.6103279449719583,0.0033333333333333335,1.9740065326585783,4.748148144693087,-1.925382254905173,1.8360263645083248,-3.6136612783052917
2014-07-01T00:00:00Z,1929.800049,17.02,25.15,43.16,40.389999,0.03,-1.6695782458769237,-1.2843142090318782,-4.395033512241131,3.4412987604363288,-0.34602111504171695,0.0025,-1.6720782458769237,-1.2868142090318782,-4.397533512241131,3.438798760436329,-0.34852111504171696
2014-08-01T00:00:00Z,2004.069946,17.41,25.98,45.43,41.529999,0.03,3.7763689811750822,2.265563063486953,3.2469114696705326,5.125853938137803,2.783382874696505,0.0025,3.7738689811750823,2.263063063486953,3.2444114696705326,5.123353938137803,2.780882874696505
2014-09-01T00:00:00Z,1971.439941,14.79,25.620001,46.360001,38.279999,0.02,-1.641587554200008,-16.309347705738908,-1.3953675741859684,2.026436027055789,-8.148849310223172,0.0016666666666666668,-1.6432542208666747,-16.311014372405573,-1.397034240852635,2.0247693603891226,-8.150515976889839
2014-10-01T00:00:00Z,2018.209961,14.09,25.809999,46.950001,39.049999,0.02,2.3446750357148716,-4.848595081211959,0.7388639485255588,1.2646186911656088,1.9915310216048976,0.0016666666666666668,2.343008369048205,-4.850261747878626,0.7371972818588921,1.262952024498942,1.9898643549382309
2014-11-01T00:00:00Z,2065.780029,15.73,26.49,47.810001,42.41,0.02,2.329693248020348,11.010439115959736,2.6005328298129182,1.815161660061193,8.2541332808999,0.0016666666666666668,2.3280265813536816,11.008772449293069,2.5988661631462517,1.8134949933945264,8.252466614233233
2014-12-01T00:00:00Z,2058.899902,15.5,25.27,46.450001,44.970001,0.03,-0.3336081100152377,-1.47296931449854,-4.714938188387574,-2.8858356765765425,5.861143953316361,0.0025,-0.3361081100152377,-1.47546931449854,-4.7174381883875744,-2.8883356765765424,5.858643953316361
2015-01-01T00:00:00Z,1996.670044,14.71,23.889999,40.400002,41.889999,0.03,-3.0690997058701264,-5.231248931185473,-5.615800192090337,-13.95466523163189,-7.094851193276552,0.0025,-3.0715997058701263,-5.233748931185473,-5.618300192090337,-13.95716523163189,-7.097351193276553
2015-02-01T00:00:00Z,2105.22998,16.34,25.99,43.849998,43.82,0.02,5.294390037968633,10.508855481851054,8.425192917419944,8.194483873610325,4.504322308042319,0.0016666666666666668,5.292723371301966,10.507188815184387,8.423526250753277,8.192817206943658,4.502655641375652
2015-03-01T00:00:00Z,2067.629883,16.139999,24.809999,40.66,43.150002,0.03,-1.8021748099037005,-1.2315488547924414,-4.646509125601783,-7.552986500795633,-1.5407870287942327,0.0025,-1.8046748099037004,-1.2340488547924413,-4.649009125601784,-7.5554865007956336,-1.5432870287942326
2015-04-01T00:00:00Z,2087.379883,15.8,27.08,48.639999,43.619999,0.02,0.9506667785201373,-2.129066085101128,8.754869064669313,17.920140889850032,1.0833273968840818,0.0016666666666666668,0.9490001118534706,-2.1307327517677943,8.753202398002646,17.918474223183367,1.081660730217415
2015-05-01T00:00:00Z,2108.639893,15.17,27.27,46.860001,43.490002,0.02,1.0133504160355855,-4.069014667248005,0.6991748813423015,-3.7281762678889496,-0.29846652510898686,0.0016666666666666668,1.0116837493689188,-4.070681333914672,0.6975082146756348,-3.729842934555616,-0.3001331917756535
2015-06-01T00:00:00Z,2067,15.01,26.57,44.150002,40.299999,0.02,-1.9944858470203108,-1.0603147715070538,-2.6004437085775045,-5.957148206972995,-7.617962845838777,0.0016666666666666668,-1.9961525136869775,-1.0619814381737205,-2.602110375244171,-5.958814873639662,-7.619629512505444
2015-07-01T00:00:00Z,2104.48999,14.83,26.1,46.700001,39.939999,0.03,1.7974872043323487,-1.2064489495529518,-1.784744544307415,5.615121373804621,-0.8973141188628908,0.0025,1.7949872043323487,-1.2089489495529517,-1.787244544307415,5.612621373804621,-0.8998141188628908
2015-08-01T00:00:00Z,1970.089966,13.87,25.01,43.52,37.09,0.07,-6.599394301550454,-6.6923921823100585,-4.265956943911986,-7.052358354044053,-7.403091144861307,0.005833333333333334,-6.6052276348837875,-6.698225515643392,-4.271790277245319,-7.058191687377386,-7.40892447819464
2015-09-01T00:00:00Z,1919.650024,13.57,25.219999,44.259998,36.119999,0.02,-2.5936319469292535,-2.186676047996272,0.8361545996174335,1.6860686887687493,-2.6500690638207924,0.0016666666666666668,-2.59529861359592,-2.1883427146629386,0.8344879329507668,1.6844020221020826,-2.651735730487459
2015-10-01T00:00:00Z,2080.76001,14.81,28.92,52.639999,38.84,0.02,8.059032613968764,8.744115443292966,13.68961064048615,17.33949785847266,7.260394255983282,0.0016666666666666668,8.057365947302097,8.742448776626299,13.687943973819483,17.337831191805996,7.258727589316615
2015-11-01T00:00:00Z,2082.929932,14.33,29.940001,54.349998,38.970001,0.13,0.10423072931358135,-3.294738643962658,3.466201510105149,3.196830874858847,0.33415015882583,0.010833333333333334,0.09339739598024802,-3.3055719772959913,3.455368176771816,3.1859975415255137,0.32331682549249663
2015-12-01T00:00:00Z,2038.199951,14.09,31.15,55.48,36.529999,0.23,-2.1708482319344746,-1.688991592949174,3.9618832841846974,2.05780186779414,-6.46583315789524,0.01916666666666667,-2.190014898601141,-1.7081582596158407,3.942716617518031,2.0386352011274735,-6.484999824561907
2016-01-01T00:00:00Z,1936.939941,11.94,29.1,55.09,36.310001,0.26,-5.095766362262655,-16.557121794613305,-6.807607105601532,-0.7054383962006305,-0.6040600465563539,0.021666666666666667,-5.117433028929321,-16.578788461279974,-6.829273772268198,-0.7271050628672973,-0.6257267132230206
2016-02-01T00:00:00Z,1937.089966,12.51,29.139999,50.880001,36.779999,0.31,0.007745164785877279,4.6634216514363835,0.1373592272521318,-7.949827279867039,1.2860979020618668,0.025833333333333333,-0.018088168547456054,4.637588318103051,0.11152589391879845,-7.975660613200372,1.2602645687285334
2016-03-01T00:00:00Z,2056.620117,13.5,31.790001,55.23,40.91,0.3,5.987708604674324,7.616136096556403,8.704003992917553,8.203634522714198,10.642033995382194,0.024999999999999998,5.962708604674324,7.5911360965564025,8.679003992917552,8.178634522714198,10.617033995382194
2016-04-01T00:00:00Z,2067.169922,13.56,30.75,49.869999,39.860001,0.23,0.511656894058099,0.4434597067865642,-3.326181212661705,-10.208668440720103,-2.600119206885143,0.01916666666666667,0.49249022739143233,0.42429304011989755,-3.3453478793283717,-10.22783510738677,-2.6192858735518096
2016-05-01T00:00:00Z,2093.939941,13.49,30.23,53,40.200001,0.28,1.2866946181962824,-0.5175612292585008,-1.7055185461159805,6.087231404622662,0.8493680628141043,0.023333333333333334,1.263361284862949,-0.5408945625918341,-1.728851879449314,6.063898071289328,0.826034729480771
2016-06-01T00:00:00Z,2099.340088,12.57,31.48,51.169998,40.93,0.27,0.2575620968766401,-7.063564761750829,4.051761475783566,-3.513852982052379,1.799627000371462,0.022500000000000003,0.23506209687664012,-7.086064761750829,4.029261475783566,-3.536352982052379,1.777127000371462
2016-07-01T00:00:00Z,2173.149902,12.66,31.139999,56.68,41.040001,0.3,3.4554631253326917,0.7134394113874176,-1.0859289256388571,10.226803109088145,0.26839347246738754,0.024999999999999998,3.430463125332692,0.6884394113874176,-1.110928925638857,10.201803109088145,0.24339347246738754
2016-08-01T00:00:00Z,2171.330078,12.6,31.24,57.459999,41.220001,0.3,-0.08377638358627593,-0.4750602758598177,0.3206190678671117,1.3667621325252455,0.4376374493395563,0.024999999999999998,-0.10877638358627592,-0.5000602758598177,0.2956190678671117,1.3417621325252456,0.41263744933955626
2016-09-01T00:00:00Z,2164.330078,12.07,29.620001,57.599998,39.279999,0.29,-0.3229038176595367,-4.297377884799181,-5.324948237086069,0.24334968318902028,-4.820814169436449,0.024166666666666666,-0.34707048432620335,-4.3215445514658475,-5.349114903752736,0.2191830165223536,-4.844980836103116
2016-10-01T00:00:00Z,2128.679932,11.74,29.1,59.919998,38.419998,0.33,-1.6608843413759011,-2.77212207094899,-1.7711668423177507,3.9487772851503955,-2.2137352743827776,0.0275,-1.6883843413759012,-2.79962207094899,-1.7986668423177508,3.9212772851503956,-2.2412352743827775
2016-11-01T00:00:00Z,2200.169922,11.96,30.76,60.259998,40.189999,0.45,3.303255729232113,1.8565934122535488,5.547697045999644,0.5658194681516626,4.504007829510925,0.0375,3.265755729232113,1.8190934122535487,5.510197045999645,0.5283194681516626,4.466507829510926
2016-12-01T00:00:00Z,2251.570068,12.13,31.6,62.139999,38.450001,0.51,2.309318620717704,1.4113974433473064,2.6941975955423025,3.0721387359564645,-4.425946161984262,0.0425,2.266818620717704,1.3688974433473065,2.6516975955423026,3.0296387359564645,-4.468446161984263
2017-01-01T00:00:00Z,2285.590088,12.36,29.700001,64.650002,40.110001,0.52,1.4996454346657195,1.8783729073585942,-6.2010041114179515,3.9598248281466297,4.226698275394458,0.043333333333333335,1.456312101332386,1.8350395740252607,-6.2443374447512845,3.9164914948132963,4.183364942061125
2017-02-01T00:00:00Z,2380.129883,12.53,29.809999,63.98,42.59,0.53,4.053082367523686,1.3660316878432166,0.3696794665502878,-1.0417601632301654,5.999377922172222,0.04416666666666667,4.0089157008570195,1.32186502117655,0.32551279988362114,-1.085926829896832,5.955211255505556
2017-03-01T00:00:00Z,2362.340088,11.64,29.799999,65.860001,44.610001,0.75,-0.750236840762053,-7.367832660468521,-0.03355141898784275,2.89607576105686,4.633858762154963,0.0625,-0.812736840762053,-7.430332660468521,-0.09605141898784275,2.83357576105686,4.571358762154963
2017-04-01T00:00:00Z,2388.5,11.47,28.99,68.459999,44.959999,0.81,1.1012863372076076,-1.4712511162012554,-2.75574170207471,3.871832636302841,0.7815111786770856,0.0675,1.0337863372076077,-1.5387511162012553,-2.82324170207471,3.804332636302841,0.7140111786770856
2017-05-01T00:00:00Z,2415.649902,11.12,27.379999,69.839996,45.389999,0.9,1.1302807611912158,-3.0989642318842936,-5.713815959627144,1.995723576260744,0.9518611093647156,0.075,1.0552807611912158,-3.1739642318842938,-5.7888159596271445,1.920723576260744,0.8768611093647156
2017-06-01T00:00:00Z,2431.389893,11.19,27.01,68.93,50.139999,1,0.6494704806767615,0.6275233501397359,-1.36056155327684,-1.3115357360016233,9.952727834890096,0.08333333333333333,0.5661371473434281,0.5441900168064026,-1.4438948866101733,-1.3948690693349566,9.869394501556762
2017-07-01T00:00:00Z,2477.100098,11.22,25.610001,72.699997,49.93,1.09,1.8625494405187126,0.2677377770716749,-5.322422854584419,5.324984637643748,-0.4197048273472781,0.09083333333333334,1.7717161071853793,0.17690444373834158,-5.413256187917752,5.234151304310415,-0.5105381606806114
2017-08-01T00:00:00Z,2474.419922,11.03,24.549999,74.769997,50.330002,1.03,-0.10825670706884338,-1.70790668291394,-4.227112575134884,2.807535161478114,0.7979336013480776,0.08583333333333333,-0.1940900404021767,-1.7937400162472734,-4.312945908468217,2.7217018281447807,0.7121002680147442
2017-09-01T00:00:00Z,2521.199951,11.97,24.18,74.489998,48.349998,1.05,1.872896562057047,8.178468630447089,-1.518596832068475,-0.3751833549835659,-4.013517999174265,0.08750000000000001,1.785396562057047,8.090968630447088,-1.606096832068475,-0.46268335498356594,-4.101017999174266
2017-10-01T00:00:00Z,2583.209961,12.27,20.16,83.18,50.900002,1.09,2.4297837302856173,2.4753739152937992,-18.182540198347887,11.0342072975822,5.139678231495104,0.09083333333333334,2.338950396952284,2.384540581960466,-18.27337353168122,10.943373964248865,5.048844898161771
2017-11-01T00:00:00Z,2645.100098,12.52,18.290001,84.169998,49.060001,1.25,2.3676112304108266,2.017010694913246,-9.734592612570925,1.1831605147284208,-3.681890363565987,0.10416666666666667,2.26344456374416,1.9128440282465793,-9.83875927923759,1.078993848061754,-3.7860570302326537
2017-12-01T00:00:00Z,2683.72998,12.49,17.450001,85.540001,47.279999,1.34,1.4498701643212542,-0.23990415344661287,-4.701481112243355,1.6145575027150194,-3.6956707266297073,0.11166666666666668,1.3382034976545876,-0.35157082011327956,-4.813147778910022,1.5028908360483528,-3.807337393296374
2018-01-01T00:00:00Z,2816.449951,10.97,16.17,95.010002,51.59,1.43,4.826959879572534,-12.976404985034717,-7.618203236600918,10.49980557798742,8.724050330930844,0.11916666666666666,4.707793212905868,-13.095571651701384,-7.7373699032675844,10.380638911320753,8.604883664264177
2018-02-01T00:00:00Z,2715.219971,10.61,14.11,93.769997,50.669998,1.59,-3.6604238537473854,-3.336732166124756,-13.627390772429315,-1.3137226830715498,-1.7993875239828316,0.1325,-3.7929238537473853,-3.469232166124756,-13.759890772429316,-1.4462226830715499,-1.9318875239828317
